0506200000,Sorsogon,Prov
0506202000,Barcelona,Mun
0506202002,Alegria,Bgy
0506202003,Bagacay,Bgy
0506202004,Bangate,Bgy
0506202005,Bugtong,Bgy
0506202006,Cagang,Bgy
0506202008,Fabrica,Bgy
0506202010,Jibong,Bgy
0506202011,Lago,Bgy
0506202012,Layog,Bgy
0506202013,Luneta,Bgy
0506202014,Macabari,Bgy
0506202015,Mapapac,Bgy
0506202016,Olandia,Bgy
0506202017,Paghaluban,Bgy
0506202018,Poblacion Central,Bgy
0506202019,Poblacion Norte,Bgy
0506202020,Poblacion Sur,Bgy
0506202021,Putiao,Bgy
0506202022,San Antonio,Bgy
0506202023,San Isidro,Bgy
0506202024,San Ramon,Bgy
0506202025,San Vicente,Bgy
0506202027,Santa Cruz,Bgy
0506202028,Santa Lourdes,Bgy
0506202029,Tagdon,Bgy
0506203000,Bulan,Mun
0506203001,A. Bonifacio,Bgy
0506203002,Abad Santos,Bgy
0506203003,Aguinaldo,Bgy
0506203004,Antipolo,Bgy
0506203005,Zone I Pob.,Bgy
0506203006,Zone II Pob.,Bgy
0506203007,Zone III Pob.,Bgy
0506203008,Zone IV Pob.,Bgy
0506203009,Zone V Pob.,Bgy
0506203010,Zone VI Pob.,Bgy
0506203011,Bical,Bgy
0506203012,Beguin,Bgy
0506203013,Bonga,Bgy
0506203014,Butag,Bgy
0506203015,Cadandanan,Bgy
0506203016,Calomagon,Bgy
0506203017,Calpi,Bgy
0506203018,Cocok-Cabitan,Bgy
0506203019,Daganas,Bgy
0506203020,Danao,Bgy
0506203021,Dolos,Bgy
0506203022,E. Quirino,Bgy
0506203023,Fabrica,Bgy
0506203024,Gate,Bgy
0506203025,Benigno S. Aquino,Bgy
0506203026,Inararan,Bgy
0506203027,J. Gerona,Bgy
0506203028,Jamorawon,Bgy
0506203029,Libertad,Bgy
0506203030,Lajong,Bgy
0506203031,Magsaysay,Bgy
0506203032,Managanaga,Bgy
0506203033,Marinab,Bgy
0506203034,Nasuje,Bgy
0506203035,Montecalvario,Bgy
0506203036,N. Roque,Bgy
0506203037,Namo,Bgy
0506203038,Obrero,Bgy
0506203039,Osmeña,Bgy
0506203040,Otavi,Bgy
0506203041,Padre Diaz,Bgy
0506203042,Palale,Bgy
0506203045,J.P. Laurel,Bgy
0506203046,Quezon,Bgy
0506203047,R. Gerona,Bgy
0506203048,Recto,Bgy
0506203049,M. Roxas,Bgy
0506203050,Sagrada,Bgy
0506203051,San Francisco,Bgy
0506203052,San Isidro,Bgy
0506203053,San Juan Bag-o,Bgy
0506203054,San Juan Daan,Bgy
0506203055,San Rafael,Bgy
0506203056,San Ramon,Bgy
0506203057,San Vicente,Bgy
0506203058,Santa Remedios,Bgy
0506203059,Santa Teresita,Bgy
0506203060,Sigad,Bgy
0506203061,Somagongsong,Bgy
0506203062,G. Del Pilar,Bgy
0506203063,Taromata,Bgy
0506203064,Zone VII Pob.,Bgy
0506203065,Zone VIII Pob.,Bgy
0506204000,Bulusan,Mun
0506204001,Bagacay,Bgy
0506204002,Central ,Bgy
0506204003,Cogon,Bgy
0506204004,Dancalan,Bgy
0506204005,Dapdap ,Bgy
0506204006,Lalud,Bgy
0506204007,Looban ,Bgy
0506204008,Mabuhay ,Bgy
0506204009,Madlawon ,Bgy
0506204010,Poctol ,Bgy
0506204011,Porog,Bgy
0506204012,Sabang ,Bgy
0506204013,Salvacion,Bgy
0506204014,San Antonio,Bgy
0506204015,San Bernardo,Bgy
0506204016,San Francisco,Bgy
0506204017,San Isidro,Bgy
0506204018,San Jose,Bgy
0506204019,San Rafael,Bgy
0506204020,San Roque,Bgy
0506204021,San Vicente,Bgy
0506204022,Santa Barbara,Bgy
0506204023,Sapngan ,Bgy
0506204024,Tinampo,Bgy
0506205000,Casiguran,Mun
0506205001,Adovis ,Bgy
0506205002,Boton,Bgy
0506205003,Burgos,Bgy
0506205004,Casay,Bgy
0506205005,Cawit,Bgy
0506205006,Central ,Bgy
0506205007,Colambis,Bgy
0506205008,Escuala,Bgy
0506205010,Cogon,Bgy
0506205011,Inlagadian,Bgy
0506205012,Lungib,Bgy
0506205013,Mabini,Bgy
0506205014,Ponong,Bgy
0506205015,Rizal,Bgy
0506205016,San Antonio,Bgy
0506205017,San Isidro,Bgy
0506205018,San Juan,Bgy
0506205019,San Pascual,Bgy
0506205020,Santa Cruz,Bgy
0506205021,Somal-ot ,Bgy
0506205022,Tigbao,Bgy
0506205023,Timbayog ,Bgy
0506205024,Tiris,Bgy
0506205025,Trece Martirez,Bgy
0506205026,Tulay,Bgy
0506206000,Castilla,Mun
0506206001,Amomonting,Bgy
0506206002,Bagalayag,Bgy
0506206003,Bagong Sirang,Bgy
0506206004,Bonga,Bgy
0506206005,Buenavista,Bgy
0506206006,Burabod,Bgy
0506206007,Caburacan,Bgy
0506206008,Canjela,Bgy
0506206009,Cogon,Bgy
0506206010,Cumadcad,Bgy
0506206011,Dangcalan,Bgy
0506206012,Dinapa,Bgy
0506206013,La Union,Bgy
0506206014,Libtong,Bgy
0506206015,Loreto,Bgy
0506206016,Macalaya,Bgy
0506206017,Maracabac,Bgy
0506206018,Mayon,Bgy
0506206019,Milagrosa,Bgy
0506206020,Miluya,Bgy
0506206021,Maypangi,Bgy
0506206022,Monte Carmelo,Bgy
0506206023,Oras,Bgy
0506206024,Pandan,Bgy
0506206025,Poblacion,Bgy
0506206026,Quirapi,Bgy
0506206027,Saclayan,Bgy
0506206028,Salvacion,Bgy
0506206029,San Isidro,Bgy
0506206030,San Rafael,Bgy
0506206031,San Roque,Bgy
0506206032,San Vicente,Bgy
0506206033,Sogoy,Bgy
0506206034,Tomalaytay,Bgy
0506207000,Donsol,Mun
0506207001,Alin,Bgy
0506207002,Awai,Bgy
0506207003,Banban,Bgy
0506207004,Bandi,Bgy
0506207005,Banuang Gurang,Bgy
0506207006,Baras,Bgy
0506207007,Bayawas,Bgy
0506207008,Bororan Barangay 1 ,Bgy
0506207009,Cabugao,Bgy
0506207010,Central Barangay 2 ,Bgy
0506207011,Cristo,Bgy
0506207012,Dancalan,Bgy
0506207013,De Vera,Bgy
0506207014,Gimagaan,Bgy
0506207015,Girawan,Bgy
0506207016,Gogon,Bgy
0506207017,Gura,Bgy
0506207018,Juan Adre,Bgy
0506207019,Lourdes,Bgy
0506207020,Mabini,Bgy
0506207021,Malapoc,Bgy
0506207022,Malinao,Bgy
0506207023,Market Site Barangay 3 ,Bgy
0506207024,New Maguisa,Bgy
0506207025,Ogod,Bgy
0506207026,Old Maguisa,Bgy
0506207027,Orange,Bgy
0506207028,Pangpang,Bgy
0506207029,Parina,Bgy
0506207030,Pawala,Bgy
0506207031,Pinamanaan,Bgy
0506207032,Poso Pob.,Bgy
0506207033,Punta Waling-Waling Pob.,Bgy
0506207034,Rawis,Bgy
0506207035,San Antonio,Bgy
0506207036,San Isidro,Bgy
0506207037,San Jose,Bgy
0506207038,San Rafael,Bgy
0506207039,San Ramon,Bgy
0506207040,San Vicente,Bgy
0506207041,Santa Cruz,Bgy
0506207042,Sevilla,Bgy
0506207043,Sibago,Bgy
0506207044,Suguian,Bgy
0506207045,Tagbac,Bgy
0506207046,Tinanogan,Bgy
0506207047,Tongdol,Bgy
0506207048,Tres Marias,Bgy
0506207049,Tuba,Bgy
0506207050,Tupas,Bgy
0506207051,Vinisitahan,Bgy
0506208000,Gubat,Mun
0506208001,Ariman,Bgy
0506208002,Bagacay,Bgy
0506208003,Balud Del Norte ,Bgy
0506208004,Balud Del Sur ,Bgy
0506208006,Benguet,Bgy
0506208007,Bentuco,Bgy
0506208008,Beriran,Bgy
0506208009,Buenavista,Bgy
0506208010,Bulacao,Bgy
0506208011,Cabigaan,Bgy
0506208012,Cabiguhan,Bgy
0506208013,Carriedo,Bgy
0506208014,Casili,Bgy
0506208015,Cogon,Bgy
0506208016,Cota Na Daco ,Bgy
0506208017,Dita,Bgy
0506208018,Jupi,Bgy
0506208019,Lapinig,Bgy
0506208020,Luna-Candol ,Bgy
0506208021,Manapao,Bgy
0506208022,Manook ,Bgy
0506208023,Naagtan,Bgy
0506208024,Nato,Bgy
0506208025,Nazareno,Bgy
0506208026,Ogao,Bgy
0506208027,Paco,Bgy
0506208028,Panganiban ,Bgy
0506208029,Paradijon ,Bgy
0506208030,Patag,Bgy
0506208031,Payawin,Bgy
0506208033,Pinontingan ,Bgy
0506208034,Rizal,Bgy
0506208035,San Ignacio,Bgy
0506208036,Sangat,Bgy
0506208037,Santa Ana,Bgy
0506208038,Tabi,Bgy
0506208039,Tagaytay,Bgy
0506208040,Tigkiw,Bgy
0506208041,Tiris,Bgy
0506208042,Togawe,Bgy
0506208043,Union,Bgy
0506208044,Villareal,Bgy
0506209000,Irosin,Mun
0506209001,Bagsangan,Bgy
0506209002,Bacolod ,Bgy
0506209003,Batang,Bgy
0506209004,Bolos,Bgy
0506209005,Buenavista,Bgy
0506209006,Bulawan,Bgy
0506209007,Carriedo,Bgy
0506209008,Casini,Bgy
0506209009,Cawayan,Bgy
0506209010,Cogon,Bgy
0506209011,Gabao,Bgy
0506209012,Gulang-Gulang,Bgy
0506209013,Gumapia,Bgy
0506209014,Santo Domingo,Bgy
0506209015,Liang,Bgy
0506209016,Macawayan,Bgy
0506209017,Mapaso,Bgy
0506209018,Monbon,Bgy
0506209019,Patag,Bgy
0506209020,Salvacion,Bgy
0506209021,San Agustin ,Bgy
0506209022,San Isidro,Bgy
0506209023,San Juan ,Bgy
0506209024,San Julian ,Bgy
0506209025,San Pedro,Bgy
0506209026,Tabon-Tabon,Bgy
0506209027,Tinampo,Bgy
0506209028,Tongdol,Bgy
0506210000,Juban,Mun
0506210001,Anog,Bgy
0506210002,Aroroy,Bgy
0506210003,Bacolod,Bgy
0506210004,Binanuahan,Bgy
0506210005,Biriran,Bgy
0506210006,Buraburan,Bgy
0506210007,Calateo,Bgy
0506210008,Calmayon,Bgy
0506210009,Carohayon,Bgy
0506210010,Catanagan,Bgy
0506210011,Catanusan,Bgy
0506210012,Cogon,Bgy
0506210013,Embarcadero,Bgy
0506210014,Guruyan,Bgy
0506210016,Lajong,Bgy
0506210017,Maalo,Bgy
0506210019,North Poblacion,Bgy
0506210020,South Poblacion,Bgy
0506210021,Puting Sapa,Bgy
0506210022,Rangas,Bgy
0506210023,Sablayan,Bgy
0506210024,Sipaya,Bgy
0506210025,Taboc,Bgy
0506210026,Tinago,Bgy
0506210027,Tughan,Bgy
0506211000,Magallanes,Mun
0506211001,Aguada Norte,Bgy
0506211002,Aguada Sur,Bgy
0506211003,Anibong,Bgy
0506211004,Bacalon,Bgy
0506211005,Bacolod,Bgy
0506211006,Banacud,Bgy
0506211007,Biga,Bgy
0506211008,Behia,Bgy
0506211009,Binisitahan del Norte,Bgy
0506211010,Binisitahan del Sur,Bgy
0506211011,Biton,Bgy
0506211012,Bulala,Bgy
0506211013,Busay,Bgy
0506211014,Caditaan,Bgy
0506211015,Cagbolo,Bgy
0506211016,Cagtalaba,Bgy
0506211017,Cawit Extension,Bgy
0506211018,Cawit Proper,Bgy
0506211019,Ginangra,Bgy
0506211020,Hubo,Bgy
0506211021,Incarizan,Bgy
0506211022,Lapinig,Bgy
0506211023,Magsaysay,Bgy
0506211024,Malbog,Bgy
0506211025,Pantalan,Bgy
0506211026,Pawik,Bgy
0506211027,Pili,Bgy
0506211028,Poblacion,Bgy
0506211029,Salvacion,Bgy
0506211030,Santa Elena,Bgy
0506211031,Siuton,Bgy
0506211032,Tagas,Bgy
0506211033,Tulatula Norte,Bgy
0506211034,Tulatula Sur,Bgy
0506212000,Matnog,Mun
0506212001,Balocawe,Bgy
0506212002,Banogao,Bgy
0506212003,Banuangdaan,Bgy
0506212004,Bariis,Bgy
0506212005,Bolo,Bgy
0506212006,Bon-Ot Big,Bgy
0506212007,Bon-Ot Small,Bgy
0506212008,Cabagahan,Bgy
0506212010,Calayuan,Bgy
0506212011,Calintaan,Bgy
0506212012,Caloocan ,Bgy
0506212013,Calpi,Bgy
0506212014,Camachiles ,Bgy
0506212015,Camcaman ,Bgy
0506212016,Coron-coron,Bgy
0506212017,Culasi,Bgy
0506212018,Gadgaron,Bgy
0506212020,Genablan Occidental,Bgy
0506212021,Genablan Oriental,Bgy
0506212022,Hidhid,Bgy
0506212023,Laboy,Bgy
0506212025,Lajong,Bgy
0506212026,Mambajog,Bgy
0506212028,Manjunlad,Bgy
0506212029,Manurabi,Bgy
0506212030,Naburacan,Bgy
0506212031,Paghuliran,Bgy
0506212032,Pangi,Bgy
0506212033,Pawa,Bgy
0506212034,Poropandan,Bgy
0506212035,Santa Isabel,Bgy
0506212036,Sinalmacan,Bgy
0506212037,Sinang-Atan,Bgy
0506212038,Sinibaran,Bgy
0506212039,Sisigon,Bgy
0506212040,Sua,Bgy
0506212041,Sulangan,Bgy
0506212042,Tablac ,Bgy
0506212043,Tabunan ,Bgy
0506212044,Tugas,Bgy
0506213000,Pilar,Mun
0506213001,Abas,Bgy
0506213002,Abucay,Bgy
0506213003,Bantayan,Bgy
0506213004,Banuyo ,Bgy
0506213005,Bayasong,Bgy
0506213006,Bayawas,Bgy
0506213007,Binanuahan ,Bgy
0506213009,Cabiguan,Bgy
0506213010,Cagdongon,Bgy
0506213011,Calongay,Bgy
0506213012,Calpi,Bgy
0506213013,Catamlangan,Bgy
0506213014,Comapo-capo,Bgy
0506213015,Danlog,Bgy
0506213016,Dao ,Bgy
0506213017,Dapdap,Bgy
0506213018,Del Rosario,Bgy
0506213019,Esmerada,Bgy
0506213020,Esperanza,Bgy
0506213021,Guiron,Bgy
0506213022,Ginablan,Bgy
0506213023,Inang,Bgy
0506213024,Inapugan,Bgy
0506213025,Lubiano,Bgy
0506213026,Leona,Bgy
0506213027,Lipason,Bgy
0506213028,Lourdes,Bgy
0506213029,Lungib,Bgy
0506213030,Lumbang,Bgy
0506213031,Mabanate,Bgy
0506213032,Malbog,Bgy
0506213033,Marifosque ,Bgy
0506213034,Mercedes,Bgy
0506213035,Migabod,Bgy
0506213036,Naspi,Bgy
0506213037,Palanas,Bgy
0506213038,Pangpang,Bgy
0506213039,Pinagsalog,Bgy
0506213040,Pineda,Bgy
0506213042,Poctol,Bgy
0506213043,Pudo,Bgy
0506213044,Putiao,Bgy
0506213045,Sacnangan,Bgy
0506213046,Salvacion,Bgy
0506213047,San Antonio (Millabas),Bgy
0506213048,San Antonio (Sapa),Bgy
0506213049,San Jose,Bgy
0506213050,San Rafael,Bgy
0506213051,Santa Fe,Bgy
0506214000,Prieto Diaz,Mun
0506214001,Brillante ,Bgy
0506214002,Bulawan,Bgy
0506214003,Calao,Bgy
0506214004,Carayat,Bgy
0506214005,Diamante,Bgy
0506214006,Gogon,Bgy
0506214007,Lupi,Bgy
0506214008,Manlabong,Bgy
0506214010,Maningcay De Oro,Bgy
0506214011,Perlas,Bgy
0506214012,Quidolog,Bgy
0506214013,Rizal,Bgy
0506214014,San Antonio,Bgy
0506214015,San Fernando,Bgy
0506214016,San Isidro,Bgy
0506214017,San Juan,Bgy
0506214018,San Rafael,Bgy
0506214019,San Ramon,Bgy
0506214020,Santa Lourdes,Bgy
0506214021,Santo Domingo,Bgy
0506214022,Talisayan,Bgy
0506214023,Tupaz,Bgy
0506214024,Ulag,Bgy
0506215000,Santa Magdalena,Mun
0506215001,La Esperanza,Bgy
0506215002,Peñafrancia,Bgy
0506215003,Barangay Poblacion I,Bgy
0506215004,Barangay Poblacion II,Bgy
0506215005,Barangay Poblacion III,Bgy
0506215006,Barangay Poblacion IV,Bgy
0506215007,Salvacion,Bgy
0506215008,San Antonio,Bgy
0506215009,San Bartolome,Bgy
0506215010,San Eugenio,Bgy
0506215011,San Isidro,Bgy
0506215012,San Rafael,Bgy
0506215013,San Roque,Bgy
0506215014,San Sebastian,Bgy
0506216000,Sorsogon City ,City
0506216001,Abuyog,Bgy
0506216002,Almendras-Cogon ,Bgy
0506216003,Balogo (Sorsogon East District),Bgy
0506216004,Barayong,Bgy
0506216005,Basud,Bgy
0506216006,Bibincahan,Bgy
0506216008,Bitan-o/Dalipay ,Bgy
0506216009,Bucalbucalan,Bgy
0506216010,Buenavista (Sorsogon West District),Bgy
0506216011,Buhatan,Bgy
0506216012,Bulabog,Bgy
0506216013,Burabod ,Bgy
0506216014,Cabid-An,Bgy
0506216015,Cambulaga,Bgy
0506216016,Capuy,Bgy
0506216017,Gimaloto,Bgy
0506216018,Guinlajon,Bgy
0506216019,Macabog,Bgy
0506216020,Marinas,Bgy
0506216021,Pamurayan,Bgy
0506216022,Pangpang,Bgy
0506216023,Panlayaan,Bgy
0506216024,Peñafrancia,Bgy
0506216025,Piot ,Bgy
0506216026,Polvorista ,Bgy
0506216027,Rizal,Bgy
0506216028,Salog ,Bgy
0506216029,Salvacion (Sorsogon West District),Bgy
0506216030,Sampaloc ,Bgy
0506216031,San Isidro (Sorsogon West District),Bgy
0506216032,San Juan (Roro),Bgy
0506216033,Sirangan ,Bgy
0506216034,Sulucan ,Bgy
0506216035,Talisay ,Bgy
0506216036,Ticol,Bgy
0506216037,Tugos,Bgy
0506216038,Balete,Bgy
0506216039,Balogo (Bacon District),Bgy
0506216040,Bato,Bgy
0506216041,Bon-Ot,Bgy
0506216042,Bogña,Bgy
0506216043,Buenavista (Bacon District),Bgy
0506216044,Cabarbuhan,Bgy
0506216045,Caricaran,Bgy
0506216046,Del Rosario,Bgy
0506216047,Gatbo,Bgy
0506216048,Jamislagan,Bgy
0506216049,Maricrum,Bgy
0506216050,Osiao,Bgy
0506216051,Poblacion,Bgy
0506216052,Rawis,Bgy
0506216053,Salvacion (Bacon District),Bgy
0506216054,San Isidro (Bacon District),Bgy
0506216055,San Juan,Bgy
0506216056,San Pascual,Bgy
0506216057,San Ramon,Bgy
0506216058,San Roque,Bgy
0506216059,San Vicente,Bgy
0506216060,Santa Cruz,Bgy
0506216061,Santa Lucia,Bgy
0506216062,Santo Domingo,Bgy
0506216063,Santo Niño,Bgy
0506216064,Sawanga,Bgy
0506216065,Sugod,Bgy
